{
    "gflops_list": [
        23.515,
        29.048,
        28.285,
        29.275,
        29.198,
        29.406,
        28.256,
        28.453,
        27.671,
        28.991,
        29.385,
        30.194,
        28.098,
        29.488,
        28.113,
        29.9,
        29.681,
        29.731
    ],
    "max_value": 30.194,
    "average_value": 28.70488888888889,
    "variance_value": 2.1853150457516337
}